{
  "experiment_info": {
    "description": "Comprehensive project-level NDCG evaluation with zero data leakage",
    "train_file": "../DATASET/train_data_recsys.csv",
    "test_files": [
      "../DATASET/test_data_session_10213464.csv",
      "../DATASET/test_data_session_5725226.csv",
      "../DATASET/test_data_session_7537054.csv",
      "../DATASET/test_data_session_840401.csv",
      "../DATASET/test_data_session_9147137.csv",
      "../DATASET/test_data_session_9450867.csv"
    ],
    "regression_config": "configs/optimal_regression.txt",
    "binary_config": "configs/optimal_binary.txt",
    "k_values": [
      10,
      20,
      30,
      40,
      50,
      60,
      70,
      80,
      90,
      100
    ]
  },
  "results": {
    "Session_10213464": {
      "regression": {
        "ndcg_10": 0.19092086617893467,
        "ndcg_20": 0.418617683930854,
        "ndcg_30": 0.486474406351296,
        "ndcg_40": 0.5445615783174241,
        "ndcg_50": 0.5445615783174241,
        "ndcg_60": 0.5445615783174241,
        "ndcg_70": 0.5445615783174241,
        "ndcg_80": 0.5445615783174241,
        "ndcg_90": 0.5445615783174241,
        "ndcg_100": 0.5445615783174241
      },
      "binary": {
        "ndcg_10": 0.10778915452451093,
        "ndcg_20": 0.33924632015715467,
        "ndcg_30": 0.40032634091942904,
        "ndcg_40": 0.40032634091942904,
        "ndcg_50": 0.45644366298591765,
        "ndcg_60": 0.45644366298591765,
        "ndcg_70": 0.45644366298591765,
        "ndcg_80": 0.45644366298591765,
        "ndcg_90": 0.45644366298591765,
        "ndcg_100": 0.45644366298591765
      },
      "random": {
        "ndcg_10": 0.28201326940239274,
        "ndcg_20": 0.43070209080810984,
        "ndcg_30": 0.49586397376329516,
        "ndcg_40": 0.5531164591879433,
        "ndcg_50": 0.5531164591879433,
        "ndcg_60": 0.5531164591879433,
        "ndcg_70": 0.5531164591879433,
        "ndcg_80": 0.5531164591879433,
        "ndcg_90": 0.5531164591879433,
        "ndcg_100": 0.5531164591879433
      }
    },
    "Session_5725226": {
      "regression": {
        "ndcg_10": 0.6934264036172708,
        "ndcg_20": 0.6934264036172708,
        "ndcg_30": 0.6934264036172708,
        "ndcg_40": 0.6934264036172708,
        "ndcg_50": 0.6934264036172708,
        "ndcg_60": 0.6934264036172708,
        "ndcg_70": 0.6934264036172708,
        "ndcg_80": 0.6934264036172708,
        "ndcg_90": 0.6934264036172708,
        "ndcg_100": 0.6934264036172708
      },
      "binary": {
        "ndcg_10": 0.38685280723454163,
        "ndcg_20": 0.5437927516124715,
        "ndcg_30": 0.5437927516124715,
        "ndcg_40": 0.5437927516124715,
        "ndcg_50": 0.5437927516124715,
        "ndcg_60": 0.5437927516124715,
        "ndcg_70": 0.5437927516124715,
        "ndcg_80": 0.5437927516124715,
        "ndcg_90": 0.5437927516124715,
        "ndcg_100": 0.5437927516124715
      },
      "random": {
        "ndcg_10": 0.0,
        "ndcg_20": 0.3012802587606511,
        "ndcg_30": 0.3012802587606511,
        "ndcg_40": 0.3012802587606511,
        "ndcg_50": 0.3012802587606511,
        "ndcg_60": 0.3012802587606511,
        "ndcg_70": 0.3012802587606511,
        "ndcg_80": 0.3012802587606511,
        "ndcg_90": 0.3012802587606511,
        "ndcg_100": 0.3012802587606511
      }
    },
    "Session_7537054": {
      "regression": {
        "ndcg_10": 0.5711601909662336,
        "ndcg_20": 0.6200964529410611,
        "ndcg_30": 0.6931238301677893,
        "ndcg_40": 0.7946024483295057,
        "ndcg_50": 0.7946024483295057,
        "ndcg_60": 0.7946024483295057,
        "ndcg_70": 0.7946024483295057,
        "ndcg_80": 0.7946024483295057,
        "ndcg_90": 0.7946024483295057,
        "ndcg_100": 0.7946024483295057
      },
      "binary": {
        "ndcg_10": 0.5711601909662336,
        "ndcg_20": 0.6170256588293539,
        "ndcg_30": 0.690053036056082,
        "ndcg_40": 0.7915316542177985,
        "ndcg_50": 0.7915316542177985,
        "ndcg_60": 0.7915316542177985,
        "ndcg_70": 0.7915316542177985,
        "ndcg_80": 0.7915316542177985,
        "ndcg_90": 0.7915316542177985,
        "ndcg_100": 0.7915316542177985
      },
      "random": {
        "ndcg_10": 0.37326895379685443,
        "ndcg_20": 0.4564489777969766,
        "ndcg_30": 0.5639214260095073,
        "ndcg_40": 0.6950605122015351,
        "ndcg_50": 0.6950605122015351,
        "ndcg_60": 0.6950605122015351,
        "ndcg_70": 0.6950605122015351,
        "ndcg_80": 0.6950605122015351,
        "ndcg_90": 0.6950605122015351,
        "ndcg_100": 0.6950605122015351
      }
    },
    "Session_840401": {
      "regression": {
        "ndcg_10": 0.4500112274528523,
        "ndcg_20": 0.6030212505459022,
        "ndcg_30": 0.6030212505459022,
        "ndcg_40": 0.6030212505459022,
        "ndcg_50": 0.6030212505459022,
        "ndcg_60": 0.6561052981739843,
        "ndcg_70": 0.6561052981739843,
        "ndcg_80": 0.6561052981739843,
        "ndcg_90": 0.6561052981739843,
        "ndcg_100": 0.6561052981739843
      },
      "binary": {
        "ndcg_10": 0.4500112274528523,
        "ndcg_20": 0.6056553413792304,
        "ndcg_30": 0.6056553413792304,
        "ndcg_40": 0.6056553413792304,
        "ndcg_50": 0.6590015549044738,
        "ndcg_60": 0.6590015549044738,
        "ndcg_70": 0.6590015549044738,
        "ndcg_80": 0.6590015549044738,
        "ndcg_90": 0.6590015549044738,
        "ndcg_100": 0.6590015549044738
      },
      "random": {
        "ndcg_10": 0.09109240322345806,
        "ndcg_20": 0.16232770856733586,
        "ndcg_30": 0.22748959152252118,
        "ndcg_40": 0.3450567878035676,
        "ndcg_50": 0.3992384252737816,
        "ndcg_60": 0.3992384252737816,
        "ndcg_70": 0.3992384252737816,
        "ndcg_80": 0.3992384252737816,
        "ndcg_90": 0.3992384252737816,
        "ndcg_100": 0.3992384252737816
      }
    },
    "Session_9147137": {
      "regression": {
        "ndcg_10": 0.36288691033421744,
        "ndcg_20": 0.5874487148372193,
        "ndcg_30": 0.7291333371734674,
        "ndcg_40": 0.7291333371734674,
        "ndcg_50": 0.7291333371734674,
        "ndcg_60": 0.7291333371734674,
        "ndcg_70": 0.7291333371734674,
        "ndcg_80": 0.7291333371734674,
        "ndcg_90": 0.7291333371734674,
        "ndcg_100": 0.7291333371734674
      },
      "binary": {
        "ndcg_10": 0.4818998405251556,
        "ndcg_20": 0.6949687607608138,
        "ndcg_30": 0.7897953743206073,
        "ndcg_40": 0.7897953743206073,
        "ndcg_50": 0.7897953743206073,
        "ndcg_60": 0.7897953743206073,
        "ndcg_70": 0.7897953743206073,
        "ndcg_80": 0.7897953743206073,
        "ndcg_90": 0.7897953743206073,
        "ndcg_100": 0.7897953743206073
      },
      "random": {
        "ndcg_10": 0.5321408435198608,
        "ndcg_20": 0.5935338891246075,
        "ndcg_30": 0.73195021805838,
        "ndcg_40": 0.8149473038595395,
        "ndcg_50": 0.8149473038595395,
        "ndcg_60": 0.8149473038595395,
        "ndcg_70": 0.8149473038595395,
        "ndcg_80": 0.8149473038595395,
        "ndcg_90": 0.8149473038595395,
        "ndcg_100": 0.8149473038595395
      }
    },
    "Session_9450867": {
      "regression": {
        "ndcg_10": 0.32703966649239957,
        "ndcg_20": 0.32703966649239957,
        "ndcg_30": 0.47807060696693654,
        "ndcg_40": 0.5431753658484221,
        "ndcg_50": 0.5431753658484221,
        "ndcg_60": 0.5431753658484221,
        "ndcg_70": 0.5431753658484221,
        "ndcg_80": 0.5431753658484221,
        "ndcg_90": 0.5431753658484221,
        "ndcg_100": 0.5431753658484221
      },
      "binary": {
        "ndcg_10": 0.713772726109045,
        "ndcg_20": 0.713772726109045,
        "ndcg_30": 0.7859277213033553,
        "ndcg_40": 0.7859277213033553,
        "ndcg_50": 0.7859277213033553,
        "ndcg_60": 0.7859277213033553,
        "ndcg_70": 0.7859277213033553,
        "ndcg_80": 0.7859277213033553,
        "ndcg_90": 0.7859277213033553,